VendorID,tpep_pickup_datetime,tpep_dropoff_datetime,passenger_count,trip_distance,fare_amount
2,2021-05-03 03:32:34,2021-05-03 04:24:34,6,12.53,35.06
2,2022-05-13 21:58:16,2022-05-13 22:32:16,5,14.7,44.92
2,2022-04-04 12:16:48,2022-04-04 12:50:48,3,3.11,49.83
1,2020-08-01 17:09:00,2020-08-01 17:42:00,5,11.85,12.05
2,2022-10-23 16:14:11,2022-10-23 16:50:11,6,9.13,15.59
2,2021-02-08 13:12:07,2021-02-08 13:41:07,1,8.07,50.87
2,2020-06-08 02:01:04,2020-06-08 02:30:04,3,9.04,47.61
2,2019-08-23 17:10:07,2019-08-23 17:41:07,2,11.2,7.99
1,2020-09-28 09:24:18,2020-09-28 10:10:18,1,2.76,52.33
2,2020-08-04 21:42:34,2020-08-04 22:20:34,3,3.53,27.46
1,2020-02-17 02:31:08,2020-02-17 02:51:08,6,13.87,17.72
2,2023-03-02 12:30:45,2023-03-02 12:38:45,5,13.33,52.01
1,2020-09-01 14:19:14,2020-09-01 15:17:14,5,6.45,9.26
1,2022-05-11 00:08:39,2022-05-11 00:54:39,6,12.65,45.35
1,2020-09-03 10:51:17,2020-09-03 11:35:17,3,7.32,45.37
2,2021-02-23 19:55:39,2021-02-23 20:18:39,4,7.85,48.27
2,2023-10-06 18:48:04,2023-10-06 19:43:04,4,9.98,36.76
1,2020-05-29 13:05:59,2020-05-29 13:37:59,3,10.08,23.08
1,2021-11-22 23:27:11,2021-11-22 23:35:11,3,14.98,25.5
2,2022-08-18 01:44:37,2022-08-18 01:50:37,6,8.09,13.27
1,2022-03-19 12:30:50,2022-03-19 13:21:50,6,1.54,44.76
2,2019-09-13 15:18:21,2019-09-13 15:51:21,4,13.83,58.97
2,2019-02-22 17:46:22,2019-02-22 18:25:22,5,3.68,50.69
1,2020-01-14 06:56:48,2020-01-14 07:07:48,4,8.38,34.09
1,2023-03-16 11:17:28,2023-03-16 12:01:28,5,9.04,5.26
2,2020-09-26 08:27:15,2020-09-26 09:20:15,4,8.88,17.23
2,2020-09-20 16:41:18,2020-09-20 16:59:18,6,14.2,54.11
2,2022-03-25 22:25:12,2022-03-25 23:04:12,3,12.67,55.57
2,2023-04-29 18:25:08,2023-04-29 19:15:08,6,6.74,59.88
1,2022-12-18 16:01:55,2022-12-18 16:09:55,1,7.75,21.04
1,2021-04-06 11:05:52,2021-04-06 11:38:52,3,13.7,23.68
2,2020-02-10 07:27:31,2020-02-10 08:13:31,3,6.68,41.39
2,2023-11-29 18:02:45,2023-11-29 18:38:45,4,4.21,51.37
1,2020-11-13 12:40:05,2020-11-13 13:36:05,4,8.07,36.35
1,2023-07-19 19:27:08,2023-07-19 20:20:08,6,11.19,19.87
1,2019-03-07 02:18:54,2019-03-07 03:03:54,4,14.09,36.25
2,2019-09-19 16:28:28,2019-09-19 17:11:28,1,8.75,10.37
1,2021-09-17 03:06:10,2021-09-17 04:00:10,2,3.0,17.45
2,2020-01-17 16:25:33,2020-01-17 17:04:33,6,12.05,43.52
1,2019-05-16 20:10:17,2019-05-16 21:06:17,4,12.25,30.1
2,2022-08-01 15:28:07,2022-08-01 15:34:07,3,6.49,7.64
2,2020-08-05 15:18:02,2020-08-05 15:27:02,1,4.42,54.34
1,2023-09-06 13:52:05,2023-09-06 14:22:05,6,8.73,24.33
2,2019-02-20 11:48:39,2019-02-20 12:48:39,3,13.75,7.23
1,2023-03-27 12:14:13,2023-03-27 12:30:13,6,8.31,56.84
2,2021-03-30 19:58:30,2021-03-30 20:32:30,4,9.22,11.66
2,2020-09-21 16:37:27,2020-09-21 17:21:27,1,3.78,31.54
2,2021-08-23 23:05:10,2021-08-24 00:02:10,4,9.33,26.57
2,2020-11-25 02:41:32,2020-11-25 03:17:32,5,7.16,50.91
1,2019-04-12 22:42:29,2019-04-12 23:16:29,3,11.85,48.15
2,2020-10-16 22:29:51,2020-10-16 22:35:51,1,7.24,49.38
1,2020-11-15 03:06:54,2020-11-15 03:29:54,6,0.97,16.78
2,2021-07-08 01:28:34,2021-07-08 02:02:34,6,0.92,24.28
1,2019-11-19 19:25:51,2019-11-19 20:05:51,2,13.13,43.11
1,2020-03-12 15:07:24,2020-03-12 15:56:24,6,7.27,18.33
1,2022-10-06 03:28:40,2022-10-06 04:24:40,1,14.23,12.87
1,2023-11-19 12:53:59,2023-11-19 13:41:59,4,10.67,13.63
1,2019-01-16 01:12:42,2019-01-16 01:55:42,5,2.99,55.28
2,2021-12-12 17:18:01,2021-12-12 17:33:01,3,14.75,44.75
1,2020-12-07 16:21:45,2020-12-07 17:03:45,1,11.01,10.66
2,2022-07-24 20:18:23,2022-07-24 21:02:23,4,13.21,30.42
2,2020-09-15 02:14:56,2020-09-15 03:13:56,5,13.26,29.78
2,2019-09-18 03:56:39,2019-09-18 04:03:39,4,2.3,59.02
2,2022-08-01 00:26:48,2022-08-01 01:20:48,4,2.21,54.32
2,2019-11-21 00:47:50,2019-11-21 01:36:50,5,6.54,9.4
2,2023-06-28 13:02:24,2023-06-28 13:54:24,4,5.18,9.12
2,2022-08-06 08:58:15,2022-08-06 09:06:15,1,12.85,45.55
2,2023-01-03 03:07:03,2023-01-03 03:28:03,2,13.84,49.83
1,2019-08-30 12:46:56,2019-08-30 13:31:56,6,7.45,42.02
2,2022-08-11 05:40:44,2022-08-11 06:22:44,3,2.09,18.53
1,2021-04-25 03:59:07,2021-04-25 04:58:07,5,1.08,13.04
1,2020-01-18 04:22:33,2020-01-18 05:03:33,6,10.07,53.67
2,2023-01-23 22:22:22,2023-01-23 22:42:22,3,2.84,45.66
1,2022-10-07 06:08:47,2022-10-07 06:22:47,2,6.5,21.23
2,2019-04-03 10:56:39,2019-04-03 11:44:39,4,8.96,15.7
1,2019-07-24 04:01:43,2019-07-24 04:17:43,1,6.43,25.33
1,2023-08-15 14:04:24,2023-08-15 14:59:24,1,13.83,35.62
1,2023-01-22 04:55:20,2023-01-22 05:23:20,3,10.43,46.52
1,2023-02-23 15:58:21,2023-02-23 16:32:21,1,7.16,57.46
1,2022-02-25 12:07:05,2022-02-25 12:43:05,1,4.87,29.16
1,2020-07-01 20:31:23,2020-07-01 21:16:23,2,7.09,59.43
2,2022-09-14 18:45:47,2022-09-14 19:14:47,3,11.03,32.51
1,2021-08-26 22:40:21,2021-08-26 22:47:21,3,0.8,23.79
2,2019-02-09 13:40:06,2019-02-09 14:03:06,6,6.83,54.64
1,2020-10-18 22:33:07,2020-10-18 23:04:07,4,1.69,48.03
2,2019-08-03 17:38:52,2019-08-03 18:34:52,1,8.66,59.05
2,2020-10-07 21:51:41,2020-10-07 22:15:41,5,10.21,10.98
2,2019-05-12 21:21:43,2019-05-12 21:52:43,4,0.67,57.47
2,2022-07-03 00:25:06,2022-07-03 00:39:06,5,1.8,36.05
2,2022-01-22 13:34:17,2022-01-22 14:14:17,6,6.54,47.32
2,2021-11-12 23:04:41,2021-11-12 23:23:41,1,1.1,39.03
2,2022-05-29 07:24:52,2022-05-29 08:08:52,3,1.86,36.87
1,2020-09-20 01:28:32,2020-09-20 01:36:32,3,2.72,40.56
1,2023-04-10 15:09:24,2023-04-10 15:29:24,2,13.15,58.16
1,2020-08-17 11:29:08,2020-08-17 12:25:08,5,11.87,53.73
1,2021-11-18 06:39:27,2021-11-18 07:18:27,4,10.36,51.54
2,2020-11-26 00:45:23,2020-11-26 01:39:23,4,8.76,45.9
1,2022-01-17 12:52:00,2022-01-17 13:44:00,6,8.91,49.7
2,2022-12-18 15:20:24,2022-12-18 16:09:24,6,10.46,7.01
2,2022-03-24 20:57:00,2022-03-24 21:43:00,1,6.84,7.68
1,2022-07-17 07:04:30,2022-07-17 07:15:30,4,12.53,34.1
1,2022-05-13 10:40:33,2022-05-13 11:27:33,5,10.34,39.72
1,2023-03-09 19:49:45,2023-03-09 20:22:45,1,8.57,25.78
2,2021-07-28 20:44:12,2021-07-28 21:17:12,3,4.02,52.71
2,2020-04-08 01:32:51,2020-04-08 01:47:51,1,8.41,28.94
2,2020-07-25 07:14:47,2020-07-25 08:04:47,1,14.74,11.58
1,2020-07-24 10:06:05,2020-07-24 10:48:05,6,9.14,55.18
1,2019-10-11 02:56:12,2019-10-11 03:17:12,2,10.83,26.04
1,2022-04-14 01:38:34,2022-04-14 02:05:34,1,4.58,59.51
1,2021-08-31 10:25:31,2021-08-31 10:52:31,6,1.21,27.03
2,2022-04-18 09:31:49,2022-04-18 10:27:49,2,6.42,34.76
1,2023-02-05 07:48:56,2023-02-05 08:04:56,2,7.61,9.08
1,2021-07-11 15:03:41,2021-07-11 15:58:41,5,11.23,15.96
1,2022-08-03 07:02:54,2022-08-03 07:29:54,1,8.72,56.74
2,2019-05-27 07:07:46,2019-05-27 07:40:46,2,2.43,50.37
1,2023-09-21 23:16:55,2023-09-21 23:50:55,6,14.57,35.11
1,2021-04-09 08:21:10,2021-04-09 09:13:10,3,8.72,26.37
1,2019-08-27 11:00:27,2019-08-27 11:43:27,6,4.4,54.96
2,2023-01-17 20:27:23,2023-01-17 21:10:23,1,5.6,44.86
1,2020-02-22 02:41:29,2020-02-22 03:10:29,6,14.41,5.5
2,2022-09-14 18:51:54,2022-09-14 19:04:54,1,12.59,37.01
1,2022-08-02 05:30:35,2022-08-02 06:26:35,1,12.84,48.22
2,2022-10-12 02:12:24,2022-10-12 02:29:24,6,12.95,22.83
1,2019-02-10 04:51:05,2019-02-10 05:10:05,1,7.49,30.95
1,2023-07-15 20:21:54,2023-07-15 20:50:54,3,5.96,32.66
1,2023-05-11 15:07:25,2023-05-11 15:17:25,3,2.64,39.4
1,2019-04-06 17:30:43,2019-04-06 18:14:43,1,8.08,43.55
1,2021-09-03 18:36:59,2021-09-03 19:36:59,5,1.0,17.16
1,2020-12-30 16:30:52,2020-12-30 16:37:52,5,11.83,55.37
1,2020-03-14 17:20:02,2020-03-14 18:12:02,3,9.8,40.04
2,2023-08-28 06:47:56,2023-08-28 07:22:56,1,3.5,55.07
1,2022-06-25 23:24:19,2022-06-25 23:57:19,3,6.82,48.29
1,2023-12-08 16:56:24,2023-12-08 17:29:24,6,10.53,38.82
2,2022-11-29 02:27:37,2022-11-29 03:12:37,1,1.92,22.78
2,2021-07-29 13:00:55,2021-07-29 13:31:55,4,2.1,20.57
1,2021-09-09 01:06:08,2021-09-09 01:34:08,2,13.08,32.48
1,2019-06-15 06:51:50,2019-06-15 07:01:50,4,14.3,38.72
1,2021-07-01 22:42:10,2021-07-01 23:33:10,2,2.65,11.34
2,2019-11-22 04:16:26,2019-11-22 05:04:26,6,8.56,53.58
2,2021-01-03 22:47:43,2021-01-03 23:20:43,6,9.45,14.98
2,2023-01-16 05:25:21,2023-01-16 05:55:21,5,7.4,59.05
1,2019-08-17 16:59:20,2019-08-17 17:05:20,5,10.75,48.79
1,2022-12-21 11:08:57,2022-12-21 11:22:57,2,1.25,13.63
1,2019-05-19 20:43:11,2019-05-19 21:17:11,6,8.99,56.25
1,2020-09-04 02:17:40,2020-09-04 03:00:40,5,7.91,20.57
2,2021-03-29 23:49:55,2021-03-30 00:28:55,5,1.44,32.21
2,2020-01-19 08:49:52,2020-01-19 09:23:52,5,5.36,21.16
1,2020-11-29 16:28:45,2020-11-29 17:00:45,3,9.25,27.53
2,2022-03-21 11:11:51,2022-03-21 11:41:51,4,5.04,39.18
1,2022-11-26 09:10:14,2022-11-26 10:08:14,6,2.55,32.58
1,2021-02-20 22:24:50,2021-02-20 23:04:50,2,12.32,12.39
2,2022-04-21 12:59:13,2022-04-21 13:44:13,3,10.32,49.76
2,2022-02-27 14:09:06,2022-02-27 14:22:06,4,4.86,40.58
1,2021-11-26 15:19:53,2021-11-26 16:00:53,1,12.63,50.93
2,2023-11-17 20:33:54,2023-11-17 21:21:54,2,14.06,21.9
2,2021-03-11 11:25:00,2021-03-11 12:17:00,3,14.11,31.72
2,2020-10-12 16:41:01,2020-10-12 17:24:01,2,8.83,36.62
1,2019-02-10 01:56:50,2019-02-10 02:45:50,5,4.32,57.67
2,2022-11-08 06:46:37,2022-11-08 07:19:37,1,11.7,38.06
2,2021-10-17 09:21:55,2021-10-17 10:18:55,1,9.87,39.58
1,2021-03-09 14:49:02,2021-03-09 15:22:02,1,8.19,34.5
2,2020-08-19 23:28:40,2020-08-20 00:17:40,3,2.06,8.06
2,2022-12-02 17:24:08,2022-12-02 18:07:08,2,3.26,9.75
2,2019-01-14 15:55:28,2019-01-14 16:39:28,3,6.76,50.68
2,2022-03-22 02:09:46,2022-03-22 03:04:46,4,12.9,52.03
1,2019-05-27 20:11:15,2019-05-27 20:41:15,3,3.16,14.78
2,2020-05-04 19:10:31,2020-05-04 20:05:31,5,2.66,28.14
1,2021-07-20 08:45:29,2021-07-20 08:51:29,2,0.78,30.61
1,2023-07-02 05:16:25,2023-07-02 05:56:25,6,2.59,43.56
2,2023-05-25 03:10:28,2023-05-25 03:28:28,1,3.84,27.86
1,2023-09-19 11:23:58,2023-09-19 11:45:58,6,7.6,13.74
2,2019-08-22 19:15:03,2019-08-22 20:13:03,5,6.32,13.61
2,2021-12-05 08:32:11,2021-12-05 09:21:11,5,3.11,35.4
2,2021-06-24 14:43:10,2021-06-24 14:58:10,4,4.23,18.27
2,2023-01-18 18:59:37,2023-01-18 19:22:37,1,8.83,5.96
1,2023-11-17 17:15:51,2023-11-17 18:10:51,3,0.53,6.38
1,2022-05-21 14:20:40,2022-05-21 15:05:40,1,7.79,12.87
2,2020-06-30 05:13:05,2020-06-30 05:40:05,5,2.61,15.11
1,2021-04-29 16:35:35,2021-04-29 16:53:35,5,3.01,52.95
2,2019-10-30 15:53:07,2019-10-30 16:06:07,1,9.2,39.13
1,2021-01-08 07:07:07,2021-01-08 07:45:07,4,5.25,12.9
1,2022-08-14 07:53:13,2022-08-14 08:37:13,6,14.78,46.37
2,2019-12-12 04:46:54,2019-12-12 04:53:54,4,10.35,18.69
2,2023-04-03 07:53:21,2023-04-03 08:49:21,1,8.07,48.43
2,2019-11-30 18:13:30,2019-11-30 18:49:30,5,12.56,30.59
1,2020-12-14 21:02:42,2020-12-14 21:13:42,5,14.18,36.03
1,2019-12-02 00:02:13,2019-12-02 00:07:13,5,10.83,29.92
2,2020-01-08 09:15:40,2020-01-08 09:22:40,6,1.1,39.38
2,2019-04-26 11:05:05,2019-04-26 11:18:05,3,1.9,43.6
2,2020-03-04 12:32:40,2020-03-04 12:56:40,5,6.17,47.99
2,2020-11-08 01:01:33,2020-11-08 01:53:33,4,4.34,37.05
2,2023-11-23 20:04:27,2023-11-23 20:59:27,2,8.53,15.73
1,2022-02-05 06:13:49,2022-02-05 06:53:49,2,12.38,5.04
2,2019-03-19 09:45:42,2019-03-19 10:43:42,3,7.95,46.89
2,2021-07-17 22:15:27,2021-07-17 23:05:27,2,3.05,58.12
1,2021-12-04 23:03:10,2021-12-04 23:36:10,4,10.23,40.03
2,2020-04-03 19:59:02,2020-04-03 20:24:02,3,12.83,12.55
1,2021-06-29 19:31:10,2021-06-29 20:17:10,5,8.6,40.31
2,2023-09-02 11:26:33,2023-09-02 11:32:33,6,6.19,25.69
1,2019-06-24 06:25:29,2019-06-24 06:38:29,2,7.99,38.18
1,2022-06-18 14:57:34,2022-06-18 15:20:34,5,2.83,38.67
2,2021-12-27 11:32:12,2021-12-27 11:37:12,2,9.57,51.35
2,2022-04-20 19:41:35,2022-04-20 20:22:35,1,6.02,9.57
2,2019-01-06 15:17:07,2019-01-06 16:13:07,6,3.59,51.26
1,2023-09-11 05:49:31,2023-09-11 06:43:31,1,12.53,17.88
1,2023-09-26 08:19:20,2023-09-26 08:24:20,5,2.12,18.2
1,2019-05-01 15:44:48,2019-05-01 16:28:48,2,4.65,41.12
1,2019-11-16 12:31:05,2019-11-16 13:24:05,2,6.68,50.65
1,2023-04-23 07:27:41,2023-04-23 07:46:41,5,3.79,6.05
1,2021-01-07 10:25:18,2021-01-07 11:22:18,2,8.5,47.02
2,2020-06-23 20:35:58,2020-06-23 21:20:58,2,5.44,30.04
2,2022-10-12 21:56:54,2022-10-12 22:44:54,5,2.18,52.36
1,2019-10-23 18:28:38,2019-10-23 19:12:38,4,14.81,48.57
1,2022-04-07 19:52:56,2022-04-07 20:39:56,5,7.89,18.15
2,2019-01-10 22:46:00,2019-01-10 22:56:00,3,11.97,39.44
2,2022-11-15 07:23:48,2022-11-15 07:59:48,3,9.28,54.91
2,2020-06-03 22:07:39,2020-06-03 22:54:39,2,8.91,9.07
1,2021-07-17 21:34:12,2021-07-17 22:18:12,5,7.18,6.95
2,2021-08-10 00:34:47,2021-08-10 01:25:47,6,5.48,5.95
2,2019-12-06 10:41:48,2019-12-06 11:08:48,1,4.94,42.0
2,2021-03-16 12:38:55,2021-03-16 13:26:55,3,13.51,30.51
2,2020-05-07 11:45:45,2020-05-07 11:51:45,3,2.28,21.68
1,2019-04-13 10:05:42,2019-04-13 10:39:42,3,10.48,12.13
1,2023-12-10 11:57:10,2023-12-10 12:07:10,3,12.97,37.78
2,2019-03-09 19:27:52,2019-03-09 19:47:52,2,2.09,53.3
1,2020-08-16 04:42:12,2020-08-16 05:31:12,2,6.57,57.98
1,2023-01-31 08:00:34,2023-01-31 08:40:34,2,8.39,19.33
2,2023-06-25 14:41:47,2023-06-25 15:08:47,2,12.19,37.04
1,2023-12-01 00:33:43,2023-12-01 01:21:43,4,2.55,49.24
2,2021-02-18 01:27:02,2021-02-18 02:07:02,2,7.28,12.05
2,2023-11-27 08:55:00,2023-11-27 09:09:00,3,1.66,13.69
2,2020-05-30 13:20:58,2020-05-30 14:14:58,1,6.25,28.55
2,2021-05-21 08:51:02,2021-05-21 09:06:02,4,4.76,43.88
1,2023-12-01 11:28:12,2023-12-01 12:25:12,4,5.22,53.44
2,2021-05-15 13:40:48,2021-05-15 13:47:48,5,13.52,6.94
2,2023-04-07 03:09:58,2023-04-07 03:57:58,3,4.18,33.2
1,2020-09-01 14:33:17,2020-09-01 15:24:17,1,6.55,59.31
2,2022-10-08 06:56:40,2022-10-08 07:29:40,3,13.3,20.69
1,2021-10-08 13:06:50,2021-10-08 13:39:50,3,7.71,19.06
1,2020-07-15 16:21:33,2020-07-15 17:06:33,5,6.57,8.87
2,2021-08-18 01:05:18,2021-08-18 02:03:18,2,4.97,57.43
1,2021-06-09 16:04:12,2021-06-09 16:27:12,3,13.64,34.42
1,2020-10-17 03:30:42,2020-10-17 04:18:42,2,6.21,53.45
2,2021-08-25 08:05:48,2021-08-25 08:25:48,2,0.66,20.24
2,2023-01-29 01:45:50,2023-01-29 02:02:50,6,6.99,44.54
1,2021-04-28 07:59:30,2021-04-28 08:37:30,6,4.84,42.87
1,2021-05-07 12:10:15,2021-05-07 12:42:15,1,6.08,58.0
2,2021-12-25 19:29:55,2021-12-25 19:56:55,3,9.79,7.83
2,2022-12-19 10:18:32,2022-12-19 10:58:32,4,9.23,14.08
1,2020-09-23 16:59:18,2020-09-23 17:48:18,6,3.47,59.05
2,2022-08-18 00:49:39,2022-08-18 01:19:39,5,9.66,9.06
2,2023-07-19 01:26:17,2023-07-19 02:03:17,2,3.61,29.54
1,2022-02-23 15:53:24,2022-02-23 16:44:24,1,12.15,13.46
1,2019-04-22 01:29:09,2019-04-22 01:44:09,2,9.19,23.3
2,2020-05-04 22:34:05,2020-05-04 23:14:05,5,6.24,51.55
1,2021-06-05 21:08:18,2021-06-05 22:01:18,6,9.18,39.07
2,2022-11-08 19:50:02,2022-11-08 20:37:02,3,5.1,24.23
1,2022-02-06 10:43:05,2022-02-06 11:29:05,5,13.49,21.27
1,2020-12-25 10:10:09,2020-12-25 10:16:09,2,12.06,58.3
2,2022-07-19 20:54:35,2022-07-19 21:40:35,5,2.98,25.87
2,2020-11-18 19:03:57,2020-11-18 19:50:57,6,13.94,24.93
2,2023-04-25 23:47:13,2023-04-25 23:57:13,5,10.44,39.43
1,2020-06-25 03:15:05,2020-06-25 03:56:05,6,9.65,38.21
1,2020-11-09 10:05:17,2020-11-09 10:58:17,1,11.12,53.29
1,2019-06-08 07:14:16,2019-06-08 07:23:16,2,13.22,58.3
1,2021-09-01 15:42:52,2021-09-01 16:28:52,2,15.0,45.11
1,2022-12-31 02:08:00,2022-12-31 02:20:00,2,14.56,47.79
2,2023-07-04 12:32:29,2023-07-04 13:19:29,1,2.77,27.86
2,2023-10-15 11:35:04,2023-10-15 12:15:04,3,4.98,5.81
2,2020-01-09 08:18:54,2020-01-09 08:52:54,2,8.99,12.15
2,2019-04-10 09:24:11,2019-04-10 09:38:11,6,6.96,5.59
1,2023-06-21 18:24:49,2023-06-21 18:56:49,3,10.19,44.86
2,2019-07-30 01:26:49,2019-07-30 01:37:49,5,5.56,50.97
1,2023-03-13 01:42:14,2023-03-13 02:14:14,6,8.67,15.46
2,2023-08-24 03:57:13,2023-08-24 04:09:13,6,6.8,44.9
1,2022-10-28 11:23:33,2022-10-28 12:14:33,4,5.31,57.69
2,2022-03-25 12:36:58,2022-03-25 13:33:58,6,1.6,40.08
1,2022-01-07 08:23:59,2022-01-07 08:54:59,4,2.73,52.28
2,2023-04-10 23:49:15,2023-04-11 00:41:15,2,4.17,14.25
2,2022-10-12 14:32:44,2022-10-12 14:43:44,2,1.49,33.62
2,2019-08-13 04:26:25,2019-08-13 05:19:25,2,13.74,23.96
1,2022-01-26 17:24:15,2022-01-26 18:23:15,6,11.02,18.62
1,2020-07-18 19:37:31,2020-07-18 19:57:31,3,9.98,26.86
2,2019-07-18 19:21:19,2019-07-18 20:10:19,2,1.54,44.26
1,2021-09-30 17:11:48,2021-09-30 17:48:48,5,8.38,48.96
1,2022-10-23 08:02:42,2022-10-23 08:23:42,6,11.54,59.73
1,2021-04-30 16:29:18,2021-04-30 17:07:18,5,2.38,21.78
2,2021-01-16 11:43:05,2021-01-16 12:21:05,3,4.92,31.76
1,2023-02-16 13:53:45,2023-02-16 14:17:45,4,6.38,7.83
2,2019-04-12 09:06:14,2019-04-12 09:58:14,4,11.45,47.36
2,2022-02-11 02:25:04,2022-02-11 02:39:04,1,1.95,59.31
2,2021-05-30 10:05:07,2021-05-30 10:39:07,2,10.6,41.56
1,2023-11-04 16:20:51,2023-11-04 16:41:51,3,14.09,11.7
2,2021-10-11 07:59:08,2021-10-11 08:26:08,4,0.6,24.98
2,2023-08-17 11:12:40,2023-08-17 11:32:40,6,7.4,47.29
1,2023-07-25 04:51:20,2023-07-25 05:42:20,3,3.75,9.14
1,2023-09-05 18:23:18,2023-09-05 19:11:18,6,0.69,57.02
2,2022-04-08 17:55:35,2022-04-08 18:28:35,5,4.29,24.13
2,2021-12-07 08:00:47,2021-12-07 08:34:47,2,14.0,8.63
2,2022-02-19 23:06:32,2022-02-19 23:27:32,2,0.58,11.63
1,2022-11-02 10:51:14,2022-11-02 11:10:14,6,9.73,54.08
2,2023-09-14 18:37:16,2023-09-14 18:58:16,1,4.92,6.67
1,2021-12-12 11:22:22,2021-12-12 11:43:22,5,9.4,31.09
2,2022-12-22 21:02:33,2022-12-22 21:12:33,1,1.32,46.06
2,2023-11-09 04:48:05,2023-11-09 04:59:05,2,0.5,42.41
1,2019-09-25 16:04:48,2019-09-25 16:23:48,4,9.69,28.98
1,2019-01-28 15:13:53,2019-01-28 15:29:53,4,5.7,36.2
1,2021-09-06 05:53:46,2021-09-06 06:09:46,6,3.24,29.87
2,2023-02-21 07:53:27,2023-02-21 08:01:27,4,7.67,58.36
1,2022-11-24 23:44:32,2022-11-25 00:10:32,1,6.85,53.64
1,2021-01-27 23:42:34,2021-01-28 00:04:34,1,13.88,7.02
1,2020-01-02 01:23:59,2020-01-02 01:45:59,5,3.72,33.73
1,2022-12-16 17:41:50,2022-12-16 18:12:50,6,13.09,46.75
1,2023-05-25 17:49:10,2023-05-25 18:43:10,3,11.18,25.08
1,2019-08-28 17:55:21,2019-08-28 18:21:21,5,0.95,23.44
2,2021-01-24 18:11:31,2021-01-24 18:42:31,1,12.09,53.3
2,2023-08-30 06:06:09,2023-08-30 06:42:09,3,8.46,17.41
2,2022-08-31 17:45:32,2022-08-31 18:01:32,2,5.03,37.37
2,2022-03-21 14:34:18,2022-03-21 15:19:18,4,2.69,11.03
1,2021-09-08 14:14:37,2021-09-08 14:38:37,6,14.83,39.69
1,2022-06-03 02:54:21,2022-06-03 03:07:21,4,10.92,59.17
1,2023-01-29 04:45:45,2023-01-29 05:38:45,6,3.53,16.56
1,2021-04-27 16:18:57,2021-04-27 16:47:57,6,10.36,49.49
2,2022-04-07 13:39:34,2022-04-07 14:33:34,5,3.1,46.13
2,2021-10-08 16:54:57,2021-10-08 17:07:57,4,11.8,40.69
1,2019-11-19 03:24:26,2019-11-19 03:33:26,3,4.74,7.72
1,2019-02-11 10:08:19,2019-02-11 10:36:19,4,9.29,42.48
2,2022-08-21 18:09:11,2022-08-21 18:22:11,4,14.69,29.53
1,2020-05-12 02:57:38,2020-05-12 03:40:38,3,1.92,6.51
2,2023-07-08 14:34:12,2023-07-08 14:46:12,5,7.81,55.59
1,2019-01-01 09:47:15,2019-01-01 10:02:15,6,3.06,40.39
1,2020-04-28 10:24:25,2020-04-28 10:46:25,5,10.13,29.19
1,2020-12-10 21:47:14,2020-12-10 22:43:14,6,8.56,20.84
1,2022-04-23 03:55:41,2022-04-23 04:23:41,6,10.21,41.25
2,2019-01-08 17:38:04,2019-01-08 18:17:04,5,9.04,25.09
2,2020-04-01 13:35:32,2020-04-01 14:01:32,2,3.45,18.65
2,2019-03-18 12:09:37,2019-03-18 13:04:37,3,11.3,26.06
2,2021-09-05 10:56:15,2021-09-05 11:18:15,6,12.68,13.33
2,2023-04-21 22:37:23,2023-04-21 23:07:23,2,3.44,37.04
1,2022-04-20 12:54:51,2022-04-20 13:53:51,6,6.92,5.87
1,2019-01-30 15:10:19,2019-01-30 15:40:19,6,5.31,30.23
2,2023-11-02 01:48:02,2023-11-02 02:48:02,3,8.39,12.26
2,2022-04-30 10:05:43,2022-04-30 10:52:43,1,5.5,30.11
2,2021-11-10 21:34:10,2021-11-10 22:27:10,4,12.3,11.04
2,2021-08-08 08:03:23,2021-08-08 08:26:23,3,4.3,8.71
2,2023-09-28 17:41:52,2023-09-28 18:14:52,3,7.25,39.15
2,2020-11-07 21:17:45,2020-11-07 22:13:45,1,10.74,29.61
1,2023-06-18 12:27:51,2023-06-18 12:52:51,6,6.16,42.78
2,2019-07-22 12:54:06,2019-07-22 13:36:06,1,7.28,10.95
2,2019-12-16 08:01:52,2019-12-16 08:48:52,2,10.79,29.96
1,2021-11-03 09:02:59,2021-11-03 09:43:59,6,4.85,17.85
2,2019-07-12 02:42:54,2019-07-12 03:36:54,6,1.89,16.12
2,2022-03-15 14:11:45,2022-03-15 14:50:45,4,5.49,49.6
1,2019-04-23 00:42:59,2019-04-23 01:25:59,5,11.68,22.73
1,2021-04-27 03:19:56,2021-04-27 03:46:56,3,1.47,37.39
2,2020-11-13 16:24:34,2020-11-13 16:43:34,2,3.34,6.56
2,2019-01-13 21:02:31,2019-01-13 21:11:31,1,11.23,28.8
1,2019-08-12 09:21:58,2019-08-12 09:46:58,5,7.78,56.88
2,2023-07-18 23:36:06,2023-07-18 23:50:06,1,1.87,8.79
1,2019-08-24 21:52:42,2019-08-24 22:22:42,2,10.13,13.18
2,2021-11-27 05:52:12,2021-11-27 06:25:12,1,7.4,30.69
1,2021-11-04 18:45:18,2021-11-04 19:08:18,4,0.5,30.27
1,2022-11-06 18:07:44,2022-11-06 18:19:44,1,10.62,21.08
1,2020-01-14 05:08:03,2020-01-14 05:27:03,1,2.86,25.48
2,2021-12-22 14:47:42,2021-12-22 14:57:42,5,6.33,22.58
2,2021-08-05 05:18:36,2021-08-05 06:06:36,3,11.5,53.28
1,2022-05-13 23:43:11,2022-05-14 00:23:11,5,11.9,27.86
2,2019-04-08 12:46:16,2019-04-08 13:45:16,2,10.5,6.8
2,2020-09-05 01:44:10,2020-09-05 01:55:10,5,7.64,23.81
2,2019-07-25 20:42:15,2019-07-25 21:31:15,4,10.02,20.87
1,2021-05-25 13:23:09,2021-05-25 13:33:09,5,13.39,30.17
1,2021-01-19 01:18:44,2021-01-19 02:06:44,3,10.25,58.41
1,2020-07-22 15:42:39,2020-07-22 16:38:39,5,4.63,55.52
2,2022-07-18 15:47:58,2022-07-18 16:46:58,6,2.34,28.11
1,2021-08-27 14:16:29,2021-08-27 14:49:29,6,1.28,7.75
2,2019-05-03 00:42:54,2019-05-03 01:22:54,2,3.41,41.6
2,2019-04-25 18:09:23,2019-04-25 18:44:23,3,6.16,8.64
2,2019-01-03 03:05:07,2019-01-03 03:18:07,6,3.19,59.3
2,2020-06-24 02:29:16,2020-06-24 02:45:16,1,14.79,16.34
2,2022-03-13 20:07:50,2022-03-13 20:29:50,6,5.27,7.03
2,2019-08-03 06:20:13,2019-08-03 06:41:13,5,13.41,21.94
2,2023-12-17 00:53:17,2023-12-17 01:49:17,5,12.69,20.57
1,2020-10-30 03:44:30,2020-10-30 04:33:30,2,9.71,21.92
1,2020-08-03 14:44:45,2020-08-03 15:01:45,2,1.04,5.54
2,2020-02-18 04:37:30,2020-02-18 05:28:30,6,6.68,11.38
1,2023-09-24 12:25:57,2023-09-24 12:49:57,3,8.39,27.79
2,2019-05-05 01:31:26,2019-05-05 01:50:26,3,14.95,13.14
1,2023-06-25 18:49:13,2023-06-25 19:00:13,1,7.98,50.98
2,2019-03-05 23:34:11,2019-03-06 00:14:11,3,10.81,58.33
1,2023-10-13 11:22:18,2023-10-13 11:35:18,4,4.47,39.42
2,2019-03-15 14:46:54,2019-03-15 14:51:54,2,1.72,45.49
2,2019-06-25 04:13:54,2019-06-25 04:54:54,6,4.96,44.26
2,2023-10-23 13:43:18,2023-10-23 14:33:18,6,5.77,24.91
2,2022-07-24 22:49:42,2022-07-24 23:13:42,6,2.32,19.17
1,2023-06-05 05:44:59,2023-06-05 06:02:59,4,2.86,32.93
1,2023-07-07 18:31:22,2023-07-07 19:17:22,2,4.47,10.72
2,2021-01-01 12:29:12,2021-01-01 12:50:12,5,6.16,37.88
2,2021-02-10 01:13:12,2021-02-10 01:18:12,3,4.53,42.24
2,2021-07-07 04:36:04,2021-07-07 05:36:04,4,11.6,34.77
2,2022-06-02 20:21:15,2022-06-02 20:28:15,1,14.98,50.83
1,2021-08-30 12:01:54,2021-08-30 12:53:54,2,14.72,34.62
1,2019-02-17 06:07:43,2019-02-17 06:17:43,6,8.97,19.75
1,2020-05-12 14:33:04,2020-05-12 15:10:04,5,2.6,45.12
2,2023-09-20 18:01:56,2023-09-20 18:40:56,3,7.72,26.58
2,2022-09-20 01:38:50,2022-09-20 02:17:50,4,5.79,14.91
1,2021-05-08 17:18:45,2021-05-08 17:56:45,6,2.26,39.37
2,2023-08-18 23:34:07,2023-08-18 23:42:07,5,9.57,20.54
1,2022-11-11 20:06:42,2022-11-11 20:54:42,1,9.99,30.16
1,2022-06-08 12:19:42,2022-06-08 12:33:42,3,6.4,32.91
1,2022-12-26 20:37:46,2022-12-26 20:45:46,3,9.3,55.28
2,2021-07-15 17:51:27,2021-07-15 18:42:27,4,7.5,45.51
1,2020-03-21 15:48:57,2020-03-21 16:01:57,4,5.5,48.15
2,2020-11-30 01:05:36,2020-11-30 01:12:36,4,10.26,38.84
2,2022-03-21 05:40:01,2022-03-21 06:06:01,4,6.35,34.16
2,2021-11-11 14:18:30,2021-11-11 15:03:30,5,6.35,23.13
1,2021-09-05 16:40:05,2021-09-05 17:10:05,4,11.87,47.6
2,2023-11-19 23:47:03,2023-11-20 00:00:03,3,7.47,42.1
2,2020-01-08 02:11:13,2020-01-08 02:30:13,1,1.1,45.96
2,2023-12-28 13:57:59,2023-12-28 14:06:59,4,8.98,6.9
2,2022-01-12 13:42:31,2022-01-12 14:04:31,4,6.64,9.54
2,2022-06-30 03:56:29,2022-06-30 04:03:29,6,10.31,25.01
2,2021-07-11 15:40:48,2021-07-11 16:22:48,5,12.21,6.86
1,2023-06-16 12:43:42,2023-06-16 12:54:42,6,13.26,43.33
1,2021-02-10 13:48:28,2021-02-10 14:45:28,4,4.7,41.84
1,2020-05-08 21:58:55,2020-05-08 22:50:55,2,5.4,51.31
1,2020-07-01 17:48:23,2020-07-01 18:01:23,1,13.01,58.06
2,2020-03-22 04:26:15,2020-03-22 04:36:15,1,10.14,51.75
1,2020-01-28 23:01:46,2020-01-28 23:49:46,1,14.1,44.16
1,2023-11-06 18:47:23,2023-11-06 18:56:23,5,1.08,56.85
2,2023-05-05 20:17:58,2023-05-05 20:36:58,4,6.81,27.85
2,2021-11-24 01:02:37,2021-11-24 01:21:37,6,5.92,16.57
2,2023-06-04 22:41:11,2023-06-04 22:54:11,3,0.72,51.95
1,2022-08-14 05:39:18,2022-08-14 06:39:18,2,14.34,18.25
2,2022-08-10 12:39:20,2022-08-10 13:16:20,2,9.41,17.5
1,2019-11-27 12:19:41,2019-11-27 13:00:41,2,7.49,19.72
2,2023-01-02 23:20:56,2023-01-02 23:36:56,1,11.69,32.13
1,2019-10-12 15:07:47,2019-10-12 15:28:47,2,7.47,23.18
2,2023-12-27 22:13:08,2023-12-27 22:23:08,1,10.64,7.01
2,2021-09-24 02:23:05,2021-09-24 02:47:05,5,13.53,21.77
1,2019-08-09 20:00:10,2019-08-09 20:14:10,4,8.2,43.57
2,2019-12-17 12:47:38,2019-12-17 12:55:38,1,13.95,21.21
1,2021-01-22 05:22:20,2021-01-22 05:31:20,3,7.89,42.54
1,2020-07-12 07:39:03,2020-07-12 08:06:03,4,1.88,49.9
2,2022-02-12 05:45:47,2022-02-12 06:27:47,2,12.15,12.97
1,2022-02-07 00:48:40,2022-02-07 01:25:40,1,9.15,40.82
1,2023-12-03 05:22:55,2023-12-03 06:19:55,2,6.06,44.03
1,2019-02-06 05:41:09,2019-02-06 05:51:09,5,12.86,49.63
1,2022-03-19 11:50:46,2022-03-19 12:08:46,6,0.61,24.19
1,2021-01-05 00:29:36,2021-01-05 00:42:36,6,6.8,31.63
2,2022-05-28 15:14:35,2022-05-28 15:30:35,2,10.03,27.09
2,2019-09-15 16:48:58,2019-09-15 17:35:58,6,4.91,9.97
1,2021-06-07 01:43:07,2021-06-07 02:14:07,1,0.87,27.39
2,2022-03-27 07:43:14,2022-03-27 08:30:14,5,8.08,56.8
1,2019-11-29 21:22:41,2019-11-29 21:41:41,3,6.0,9.18
1,2021-01-11 23:47:01,2021-01-12 00:40:01,6,3.59,21.06
2,2022-09-23 09:21:17,2022-09-23 10:15:17,3,4.97,59.17
1,2023-04-04 09:46:24,2023-04-04 10:10:24,5,11.14,50.37
1,2021-09-12 19:03:56,2021-09-12 19:52:56,5,1.91,40.92
2,2021-02-17 07:53:01,2021-02-17 08:17:01,3,5.57,6.94
1,2020-01-22 03:38:17,2020-01-22 04:35:17,2,7.14,52.42
1,2020-05-02 23:34:16,2020-05-02 23:52:16,1,5.87,59.73
1,2019-01-13 05:13:38,2019-01-13 06:13:38,3,7.28,14.48
1,2019-07-25 03:52:20,2019-07-25 04:50:20,4,8.17,25.95
1,2021-02-09 21:59:16,2021-02-09 22:50:16,3,10.67,36.06
1,2022-08-23 20:07:57,2022-08-23 20:13:57,6,10.31,45.1
1,2023-09-20 20:25:40,2023-09-20 21:24:40,6,3.27,28.56
1,2023-05-09 18:48:27,2023-05-09 19:10:27,5,12.99,13.84
2,2023-07-13 15:24:04,2023-07-13 16:02:04,6,12.0,5.23
1,2021-02-03 14:57:16,2021-02-03 15:10:16,5,12.5,37.76
1,2019-10-06 21:45:43,2019-10-06 22:17:43,4,5.81,27.51
1,2019-01-12 15:38:08,2019-01-12 16:38:08,1,14.36,48.24
1,2023-12-28 01:46:17,2023-12-28 02:06:17,2,0.82,9.53
1,2023-04-11 09:04:38,2023-04-11 09:45:38,6,8.42,20.92
1,2020-07-19 03:59:44,2020-07-19 04:22:44,2,4.44,24.78
1,2021-12-19 14:42:09,2021-12-19 15:24:09,6,4.17,51.07
2,2023-06-14 03:25:40,2023-06-14 03:53:40,5,8.56,21.89
2,2019-11-27 21:27:21,2019-11-27 22:18:21,2,2.98,32.39
2,2021-01-27 17:45:48,2021-01-27 18:44:48,2,8.41,10.86
2,2021-12-11 04:01:08,2021-12-11 04:21:08,3,14.28,37.23
2,2019-05-03 02:06:44,2019-05-03 02:41:44,3,1.0,53.27
1,2023-07-16 07:59:02,2023-07-16 08:08:02,2,1.19,11.8
1,2023-02-03 03:52:58,2023-02-03 04:28:58,5,7.26,17.86
2,2023-05-23 06:31:29,2023-05-23 06:52:29,4,2.68,56.25
1,2019-01-22 17:08:19,2019-01-22 18:06:19,4,13.76,22.67
1,2020-08-14 03:39:13,2020-08-14 04:08:13,2,10.21,49.25
1,2021-03-07 19:44:43,2021-03-07 20:42:43,6,10.35,27.57
2,2021-07-04 02:13:23,2021-07-04 02:23:23,5,2.09,27.72
2,2022-08-18 22:39:35,2022-08-18 23:06:35,2,12.46,23.71
1,2019-05-11 17:43:37,2019-05-11 18:07:37,6,7.16,33.03
2,2021-11-11 20:02:31,2021-11-11 20:41:31,4,7.07,30.16
2,2021-05-10 22:09:07,2021-05-10 22:23:07,4,11.62,7.33
2,2023-09-21 18:38:48,2023-09-21 19:00:48,2,11.72,34.59
2,2021-09-22 14:09:16,2021-09-22 14:25:16,2,9.47,35.25
1,2022-05-16 21:34:30,2022-05-16 22:05:30,2,13.23,7.27
2,2019-09-07 12:34:12,2019-09-07 13:30:12,3,0.74,15.49
1,2022-12-11 02:33:31,2022-12-11 02:53:31,6,4.96,24.7
1,2023-10-11 15:12:27,2023-10-11 15:28:27,1,7.0,19.22
2,2023-06-05 22:59:35,2023-06-05 23:43:35,6,10.17,45.84
2,2023-05-02 16:19:33,2023-05-02 16:38:33,6,3.79,24.5
2,2022-01-29 11:25:46,2022-01-29 12:14:46,2,9.99,35.16
1,2019-01-11 14:29:13,2019-01-11 14:52:13,2,12.28,47.54
1,2021-06-27 09:44:50,2021-06-27 10:05:50,1,5.44,31.89
2,2020-04-22 20:02:55,2020-04-22 20:13:55,5,10.34,9.88
1,2022-09-01 14:50:26,2022-09-01 15:39:26,2,11.76,59.0
1,2023-06-24 15:08:53,2023-06-24 16:07:53,6,2.29,57.96
2,2020-12-23 23:11:00,2020-12-23 23:37:00,5,9.97,45.6
1,2022-03-17 06:17:26,2022-03-17 06:24:26,6,9.73,34.41
2,2020-06-15 21:15:16,2020-06-15 21:31:16,3,5.59,22.95
2,2022-04-10 02:01:10,2022-04-10 02:50:10,2,1.29,22.21
1,2019-01-24 23:44:22,2019-01-24 23:53:22,2,5.34,28.77
2,2019-02-12 19:19:20,2019-02-12 20:11:20,2,3.31,29.5
2,2021-11-26 23:49:46,2021-11-27 00:21:46,2,8.76,43.13
2,2021-02-08 06:45:04,2021-02-08 07:28:04,6,8.81,52.96
2,2021-09-01 04:55:37,2021-09-01 05:24:37,1,8.11,18.98
1,2020-06-16 07:42:41,2020-06-16 08:14:41,3,4.27,30.1
2,2022-10-26 14:00:24,2022-10-26 14:17:24,5,10.99,50.08
2,2021-02-09 09:58:33,2021-02-09 10:54:33,1,8.29,19.61
2,2020-04-16 04:40:07,2020-04-16 04:51:07,3,5.87,12.72
1,2022-11-12 07:28:20,2022-11-12 07:59:20,3,3.09,22.49
1,2023-07-16 13:05:54,2023-07-16 13:54:54,3,12.45,26.39
1,2019-05-29 09:00:37,2019-05-29 09:13:37,6,14.11,43.55
2,2023-11-28 20:04:26,2023-11-28 20:39:26,5,13.1,31.62
1,2022-01-21 02:48:31,2022-01-21 03:42:31,2,1.64,57.31
2,2021-08-01 16:31:01,2021-08-01 16:46:01,4,6.54,10.58
2,2023-08-01 09:03:29,2023-08-01 10:00:29,4,3.22,48.08
2,2020-04-03 19:05:34,2020-04-03 19:20:34,3,2.56,31.49
1,2019-07-27 10:08:08,2019-07-27 10:33:08,2,8.59,27.61
1,2023-10-19 10:17:18,2023-10-19 10:22:18,2,5.79,14.78
2,2020-10-07 00:24:26,2020-10-07 00:45:26,5,4.98,47.18
1,2020-03-28 04:20:32,2020-03-28 04:51:32,5,12.55,16.07
2,2021-01-09 01:49:24,2021-01-09 02:40:24,3,9.79,16.54
1,2022-10-18 03:51:31,2022-10-18 04:19:31,1,1.88,39.24
2,2021-11-18 12:09:52,2021-11-18 12:19:52,5,9.25,12.03
2,2020-10-12 01:17:41,2020-10-12 01:34:41,1,6.36,41.25
1,2022-07-08 07:11:37,2022-07-08 07:18:37,6,2.75,28.27
1,2020-11-24 08:55:45,2020-11-24 09:54:45,6,1.17,47.64
1,2023-12-02 20:06:58,2023-12-02 20:15:58,2,5.67,30.16
1,2021-05-14 19:56:54,2021-05-14 20:07:54,2,8.25,41.45
1,2021-06-28 09:08:51,2021-06-28 09:20:51,5,5.44,41.78
2,2019-01-30 15:26:08,2019-01-30 15:31:08,1,12.56,16.04
1,2022-10-16 02:21:25,2022-10-16 03:01:25,3,12.13,5.03
2,2021-12-04 09:47:10,2021-12-04 10:37:10,1,8.04,10.83
1,2023-08-12 10:35:27,2023-08-12 10:48:27,4,13.49,22.25
2,2020-09-28 15:02:28,2020-09-28 15:29:28,4,8.46,38.95
2,2023-10-11 19:35:48,2023-10-11 20:10:48,5,10.99,49.98
2,2022-03-10 11:54:04,2022-03-10 12:13:04,1,0.52,53.0
2,2021-10-04 15:57:29,2021-10-04 16:33:29,4,2.27,47.6
2,2021-10-14 12:07:30,2021-10-14 12:27:30,5,4.88,19.79
1,2022-09-24 08:29:17,2022-09-24 08:36:17,2,3.38,6.97
2,2023-08-22 22:58:45,2023-08-22 23:27:45,2,6.13,46.87
2,2023-12-29 22:11:01,2023-12-29 22:16:01,5,9.78,7.06
1,2022-03-02 18:10:17,2022-03-02 18:58:17,4,6.69,57.82
1,2022-10-11 03:37:09,2022-10-11 04:08:09,6,9.06,42.98
2,2023-08-23 07:32:13,2023-08-23 08:13:13,3,5.24,22.75
2,2020-10-09 02:38:50,2020-10-09 03:31:50,4,11.81,16.4
2,2019-12-15 10:36:07,2019-12-15 11:27:07,2,2.28,50.47
1,2021-07-03 22:26:39,2021-07-03 22:49:39,6,10.54,41.99
2,2023-10-26 10:52:53,2023-10-26 11:15:53,2,11.65,33.45
2,2019-06-27 08:39:11,2019-06-27 09:21:11,1,13.76,38.66
2,2022-08-08 15:58:08,2022-08-08 16:37:08,3,14.55,55.76
1,2020-05-17 19:50:53,2020-05-17 20:45:53,1,1.9,28.52
2,2021-10-01 15:07:14,2021-10-01 15:17:14,1,1.63,10.83
2,2021-01-30 01:53:05,2021-01-30 02:38:05,6,1.91,27.86
2,2023-07-27 13:41:54,2023-07-27 14:34:54,4,6.97,25.82
1,2021-05-18 22:13:20,2021-05-18 23:02:20,6,7.05,31.96
1,2019-02-27 01:45:02,2019-02-27 02:34:02,2,5.52,19.76
2,2019-04-15 01:26:03,2019-04-15 02:26:03,2,1.05,57.84
2,2019-05-25 08:41:33,2019-05-25 09:07:33,4,10.61,10.26
1,2021-03-19 05:12:37,2021-03-19 05:47:37,4,10.36,34.38
2,2019-04-29 17:25:11,2019-04-29 17:56:11,1,10.89,48.61
1,2022-01-30 10:29:53,2022-01-30 10:44:53,5,7.37,59.73
2,2023-04-21 16:34:49,2023-04-21 17:08:49,1,4.07,32.63
2,2019-08-22 00:29:27,2019-08-22 01:08:27,5,10.11,11.2
2,2022-08-07 06:22:25,2022-08-07 06:29:25,4,5.0,57.91
1,2020-08-19 05:51:53,2020-08-19 06:04:53,3,2.12,24.04
1,2023-04-26 04:12:46,2023-04-26 04:18:46,6,4.94,49.69
1,2019-03-05 08:13:38,2019-03-05 09:01:38,5,9.03,26.93
2,2022-08-16 21:57:34,2022-08-16 22:37:34,3,12.44,49.62
1,2023-06-14 14:20:00,2023-06-14 15:09:00,2,2.74,24.46
2,2019-10-27 20:02:00,2019-10-27 20:45:00,2,11.77,5.24
1,2023-09-13 09:50:40,2023-09-13 10:34:40,4,11.48,39.06
1,2022-09-08 20:10:14,2022-09-08 21:09:14,1,1.81,56.61
1,2019-11-22 20:32:41,2019-11-22 20:58:41,5,10.78,58.89
2,2022-12-18 02:47:19,2022-12-18 03:29:19,1,11.49,44.16
1,2019-08-13 09:08:13,2019-08-13 09:14:13,2,4.93,13.08
1,2023-08-30 16:39:28,2023-08-30 17:32:28,6,12.84,16.86
2,2022-12-30 18:57:36,2022-12-30 19:38:36,5,3.62,17.89
1,2023-03-07 10:18:05,2023-03-07 11:02:05,4,3.95,10.65
1,2019-06-15 01:12:24,2019-06-15 02:06:24,4,14.76,12.99
1,2021-12-22 12:24:30,2021-12-22 13:20:30,4,6.74,42.79
1,2020-10-08 17:19:03,2020-10-08 17:41:03,1,12.9,12.01
1,2020-12-03 01:11:41,2020-12-03 02:06:41,3,7.6,48.64
1,2019-01-07 00:04:31,2019-01-07 00:21:31,5,6.45,59.33
1,2021-12-03 12:37:35,2021-12-03 13:29:35,1,3.94,29.11
2,2020-08-21 17:26:15,2020-08-21 17:51:15,4,5.96,32.09
2,2019-06-23 20:15:00,2019-06-23 20:32:00,6,10.34,12.67
1,2019-07-24 12:32:55,2019-07-24 13:21:55,1,9.56,20.3
1,2020-10-06 01:57:51,2020-10-06 02:54:51,6,10.54,27.97
2,2019-01-05 16:10:39,2019-01-05 16:35:39,6,7.42,52.11
1,2023-02-18 15:38:03,2023-02-18 16:29:03,2,3.71,44.05
1,2022-10-30 02:46:02,2022-10-30 03:21:02,1,8.54,39.62
2,2021-01-22 08:27:58,2021-01-22 09:12:58,1,2.84,49.79
2,2020-05-01 11:58:39,2020-05-01 12:08:39,3,4.86,40.42
1,2022-09-28 12:37:28,2022-09-28 12:52:28,3,14.71,39.31
2,2022-11-14 13:54:39,2022-11-14 14:21:39,6,11.44,30.87
2,2021-10-09 21:09:57,2021-10-09 21:40:57,6,14.13,41.95
2,2020-05-06 19:27:46,2020-05-06 19:59:46,1,8.21,21.19
2,2019-04-03 13:30:52,2019-04-03 14:05:52,5,8.65,57.41
2,2019-01-02 20:02:56,2019-01-02 20:34:56,4,8.93,17.42
1,2020-08-03 20:18:08,2020-08-03 20:51:08,3,13.7,26.73
2,2023-02-10 13:01:21,2023-02-10 13:15:21,2,10.38,6.19
2,2021-06-08 20:35:24,2021-06-08 21:18:24,4,3.79,53.48
2,2022-06-09 05:38:24,2022-06-09 06:11:24,5,6.82,31.7
2,2023-11-29 16:07:00,2023-11-29 16:58:00,2,12.78,13.58
1,2023-07-05 06:07:09,2023-07-05 06:49:09,3,12.72,37.48
2,2022-07-13 23:59:10,2022-07-14 00:49:10,3,12.96,36.22
1,2019-04-17 04:08:51,2019-04-17 04:54:51,2,11.85,56.14
2,2022-02-24 04:46:10,2022-02-24 05:15:10,2,12.72,31.1
2,2022-09-06 11:12:13,2022-09-06 12:12:13,5,3.98,45.37
1,2022-03-24 11:42:07,2022-03-24 12:32:07,5,3.0,30.3
1,2019-12-24 13:20:28,2019-12-24 13:52:28,6,3.2,50.56
2,2019-03-11 23:21:22,2019-03-11 23:51:22,3,12.57,35.83
1,2021-03-03 04:56:02,2021-03-03 05:44:02,2,4.32,35.96
1,2023-11-23 17:54:32,2023-11-23 18:19:32,2,6.67,52.94
2,2021-11-17 23:08:18,2021-11-18 00:08:18,3,2.1,58.32
1,2023-10-09 17:15:37,2023-10-09 18:15:37,4,14.13,55.58
1,2022-03-05 21:28:01,2022-03-05 21:34:01,4,12.38,31.65
2,2021-12-17 07:27:39,2021-12-17 08:27:39,3,6.78,33.85
1,2022-11-17 23:05:53,2022-11-17 23:42:53,2,8.02,13.32
1,2019-07-12 06:39:29,2019-07-12 07:17:29,1,11.12,31.42
2,2019-05-06 06:29:13,2019-05-06 07:04:13,6,10.35,55.98
1,2020-03-26 18:10:25,2020-03-26 18:21:25,3,2.34,56.5
1,2019-04-01 09:01:25,2019-04-01 09:09:25,4,0.89,34.4
1,2019-03-28 04:54:42,2019-03-28 05:40:42,2,5.79,18.43
1,2022-09-14 13:38:01,2022-09-14 13:49:01,2,6.9,5.93
1,2020-09-30 17:51:07,2020-09-30 18:01:07,4,10.58,16.66
2,2022-02-24 15:03:45,2022-02-24 15:24:45,3,14.15,36.09
2,2022-11-09 03:59:43,2022-11-09 04:25:43,6,12.37,18.69
2,2021-04-03 00:30:09,2021-04-03 00:59:09,1,3.58,48.7
1,2020-08-31 10:44:25,2020-08-31 11:22:25,6,1.86,46.75
1,2023-05-15 10:17:03,2023-05-15 10:53:03,4,6.67,15.11
1,2023-04-23 06:59:17,2023-04-23 07:58:17,3,1.03,58.21
1,2021-08-13 06:27:18,2021-08-13 07:10:18,4,13.36,21.57
1,2020-03-18 18:44:33,2020-03-18 19:24:33,1,9.68,19.02
2,2022-07-30 23:05:37,2022-07-30 23:40:37,6,7.88,8.58
2,2022-11-17 07:35:11,2022-11-17 08:22:11,4,3.74,28.33
2,2021-05-17 03:21:51,2021-05-17 03:41:51,5,11.7,57.73
2,2021-10-07 15:05:54,2021-10-07 15:36:54,1,6.71,58.35
1,2021-04-19 12:45:35,2021-04-19 13:19:35,6,5.34,15.58
2,2022-03-08 22:20:58,2022-03-08 22:30:58,3,4.37,57.18
1,2023-05-09 10:15:42,2023-05-09 11:12:42,2,12.49,45.48
2,2020-07-09 03:25:25,2020-07-09 03:35:25,2,6.55,57.82
1,2019-01-06 03:40:40,2019-01-06 04:34:40,5,9.93,43.85
2,2019-03-07 08:30:59,2019-03-07 08:37:59,4,5.37,29.61
1,2019-05-01 12:35:46,2019-05-01 13:12:46,6,13.05,30.17
1,2020-09-22 13:31:27,2020-09-22 13:55:27,2,3.12,22.24
2,2022-02-13 19:46:55,2022-02-13 20:32:55,2,10.82,36.45
1,2022-01-08 09:37:08,2022-01-08 10:01:08,4,6.86,29.67
1,2023-12-23 08:30:49,2023-12-23 08:49:49,2,13.92,31.13
1,2019-03-16 00:04:59,2019-03-16 00:32:59,6,11.66,47.87
2,2021-11-07 18:48:22,2021-11-07 19:47:22,4,13.9,8.72
1,2023-02-01 16:25:53,2023-02-01 16:55:53,2,13.34,52.82
1,2020-01-16 18:52:05,2020-01-16 19:26:05,1,1.58,7.97
2,2019-03-02 07:24:25,2019-03-02 08:14:25,4,6.74,19.19
1,2022-05-11 18:14:32,2022-05-11 18:40:32,1,8.07,18.39
2,2020-10-11 09:53:22,2020-10-11 10:32:22,3,5.69,21.53
2,2019-10-18 02:16:16,2019-10-18 02:49:16,6,9.48,21.7
2,2022-06-13 08:29:13,2022-06-13 08:37:13,2,9.52,12.79
1,2023-04-15 01:56:16,2023-04-15 02:39:16,5,5.23,50.67
2,2019-03-09 15:14:11,2019-03-09 16:10:11,1,14.69,50.16
1,2022-07-29 22:01:17,2022-07-29 22:32:17,4,13.16,28.92
1,2020-09-06 02:54:48,2020-09-06 02:59:48,5,11.13,8.95
2,2022-06-11 00:17:06,2022-06-11 00:41:06,4,10.88,57.19
2,2020-08-01 18:08:04,2020-08-01 18:28:04,6,9.14,43.66
1,2019-04-08 17:16:17,2019-04-08 17:44:17,4,0.63,58.78
2,2023-08-25 04:52:46,2023-08-25 05:24:46,2,8.2,48.92
2,2020-07-12 14:38:16,2020-07-12 14:51:16,1,11.15,20.38
1,2020-10-29 12:02:19,2020-10-29 12:27:19,3,7.92,48.17
2,2023-01-19 17:48:49,2023-01-19 18:32:49,4,8.72,29.95
1,2023-07-09 00:50:14,2023-07-09 00:56:14,1,14.28,21.1
2,2019-02-07 01:49:40,2019-02-07 02:28:40,3,12.28,13.99
1,2020-03-17 16:04:29,2020-03-17 17:02:29,6,2.27,16.11
2,2021-05-27 00:09:45,2021-05-27 00:32:45,3,12.62,17.08
1,2020-07-19 07:32:11,2020-07-19 07:46:11,4,12.92,36.48
2,2019-07-03 08:15:40,2019-07-03 08:59:40,1,8.4,18.4
2,2019-01-31 03:42:48,2019-01-31 04:41:48,4,4.1,40.79
1,2022-12-08 13:16:48,2022-12-08 13:44:48,1,11.25,52.61
2,2019-12-15 09:02:29,2019-12-15 09:25:29,3,13.51,13.8
1,2022-05-08 00:02:16,2022-05-08 00:53:16,5,13.61,36.93
1,2021-09-26 14:20:19,2021-09-26 14:27:19,4,1.86,55.53
2,2020-07-25 03:03:43,2020-07-25 03:21:43,6,3.91,15.48
1,2023-03-21 12:50:50,2023-03-21 12:59:50,3,13.39,17.62
2,2023-12-17 15:32:20,2023-12-17 15:46:20,6,3.34,8.44
2,2022-02-08 18:44:36,2022-02-08 18:59:36,5,7.13,47.77
1,2023-03-18 16:10:29,2023-03-18 16:48:29,4,8.18,32.56
2,2021-03-07 23:53:39,2021-03-08 00:29:39,3,0.55,23.86
1,2023-03-05 08:11:15,2023-03-05 09:01:15,6,8.04,28.55
1,2019-10-14 20:05:15,2019-10-14 20:42:15,3,14.98,11.67
1,2023-06-10 08:36:06,2023-06-10 08:43:06,3,14.21,8.37
1,2023-01-09 18:15:08,2023-01-09 18:28:08,2,3.92,43.78
2,2021-06-04 21:56:11,2021-06-04 22:56:11,6,0.68,35.54
2,2022-01-17 20:27:57,2022-01-17 20:38:57,5,12.91,47.55
2,2019-05-06 06:59:02,2019-05-06 07:56:02,6,6.7,53.19
1,2020-08-02 13:16:04,2020-08-02 14:07:04,2,6.25,7.63
2,2020-03-17 06:43:01,2020-03-17 07:21:01,6,3.62,11.79
2,2022-02-25 03:07:13,2022-02-25 03:21:13,5,2.76,43.29
1,2022-08-11 04:33:00,2022-08-11 05:20:00,6,10.29,59.95
2,2020-10-05 15:54:05,2020-10-05 16:04:05,3,2.72,37.57
1,2021-12-10 10:14:33,2021-12-10 10:56:33,2,8.69,54.82
2,2023-04-25 09:29:00,2023-04-25 10:03:00,2,9.72,57.78
1,2020-01-06 01:57:29,2020-01-06 02:50:29,5,2.4,11.47
2,2022-11-01 02:15:15,2022-11-01 02:45:15,5,7.78,25.58
1,2019-06-14 03:04:24,2019-06-14 03:59:24,1,6.36,26.44
1,2020-03-08 09:01:02,2020-03-08 09:28:02,1,10.43,36.98
1,2020-01-06 11:26:44,2020-01-06 11:47:44,1,2.97,53.46
1,2020-01-07 11:22:56,2020-01-07 12:07:56,4,9.78,17.48
2,2021-01-31 15:50:02,2021-01-31 16:42:02,3,5.1,39.79
1,2022-04-04 21:54:48,2022-04-04 22:28:48,1,2.52,54.31
1,2022-05-10 02:46:24,2022-05-10 03:11:24,4,12.72,18.92
1,2023-12-10 16:48:08,2023-12-10 17:36:08,5,14.06,17.51
2,2019-09-21 19:29:03,2019-09-21 20:23:03,6,14.51,56.4
2,2021-01-30 02:27:51,2021-01-30 03:05:51,2,6.2,22.99
1,2021-12-15 13:11:01,2021-12-15 13:18:01,3,12.67,55.34
1,2019-04-29 21:35:37,2019-04-29 22:21:37,6,10.21,24.87
2,2022-12-30 13:49:57,2022-12-30 14:05:57,5,5.96,40.53
1,2020-08-06 04:03:02,2020-08-06 04:55:02,4,3.04,59.2
1,2019-01-05 12:08:27,2019-01-05 13:07:27,5,14.25,18.45
2,2021-06-22 13:31:11,2021-06-22 14:12:11,2,1.6,50.81
2,2020-09-02 19:00:22,2020-09-02 19:55:22,5,10.96,35.85
1,2023-08-09 04:56:58,2023-08-09 05:22:58,1,5.28,12.36
2,2019-05-21 19:45:08,2019-05-21 20:36:08,5,0.78,36.35
2,2020-01-22 00:46:00,2020-01-22 01:38:00,1,0.89,49.25
2,2019-08-11 06:42:11,2019-08-11 06:52:11,3,2.14,23.85
1,2022-01-11 15:55:37,2022-01-11 16:27:37,4,11.18,42.41
1,2022-06-25 21:16:46,2022-06-25 21:48:46,1,9.51,52.48
2,2020-08-11 00:52:58,2020-08-11 01:15:58,4,14.22,8.18
2,2022-08-26 14:59:55,2022-08-26 15:39:55,6,2.53,38.04
1,2020-07-29 09:22:30,2020-07-29 10:13:30,1,5.45,58.31
1,2022-09-09 09:01:59,2022-09-09 09:49:59,4,9.08,36.55
2,2019-07-16 10:27:37,2019-07-16 11:15:37,6,3.46,59.82
2,2021-06-10 16:08:38,2021-06-10 16:38:38,5,7.91,15.68
1,2021-05-04 13:27:40,2021-05-04 13:48:40,1,0.56,18.24
1,2023-04-17 05:23:34,2023-04-17 05:55:34,6,13.31,40.92
1,2022-01-21 08:39:23,2022-01-21 09:06:23,2,5.06,45.75
1,2021-04-24 18:55:04,2021-04-24 19:43:04,5,10.35,24.35
2,2019-12-02 07:12:02,2019-12-02 07:33:02,5,9.06,49.17
2,2020-01-28 23:11:21,2020-01-28 23:39:21,6,13.31,32.76
2,2023-10-22 09:31:57,2023-10-22 10:10:57,2,13.99,32.63
1,2022-02-07 08:37:01,2022-02-07 08:45:01,6,8.29,13.7
1,2023-05-19 12:51:32,2023-05-19 13:40:32,3,6.48,19.9
1,2023-06-07 16:36:43,2023-06-07 17:34:43,1,5.43,23.0
2,2021-02-07 23:44:13,2021-02-08 00:32:13,5,4.11,20.0
1,2022-09-25 06:09:18,2022-09-25 07:01:18,2,9.62,16.21
2,2023-10-12 05:46:47,2023-10-12 06:25:47,1,10.59,21.28
2,2023-07-11 09:55:03,2023-07-11 10:48:03,4,8.74,54.56
1,2023-07-10 13:56:46,2023-07-10 14:36:46,2,2.13,52.52
2,2023-08-31 22:57:49,2023-08-31 23:35:49,3,1.81,35.78
1,2022-11-18 18:57:31,2022-11-18 19:46:31,1,11.06,58.56
1,2019-05-06 23:05:18,2019-05-07 00:00:18,4,7.25,36.42
1,2019-03-25 20:28:33,2019-03-25 21:12:33,5,9.17,53.67
1,2022-12-09 18:53:08,2022-12-09 19:06:08,4,2.44,29.66
2,2019-11-02 19:02:52,2019-11-02 19:15:52,2,12.26,9.67
1,2020-01-30 16:23:26,2020-01-30 17:06:26,3,4.41,30.54
2,2020-10-29 15:47:10,2020-10-29 16:36:10,3,4.45,7.13
1,2022-08-30 08:43:26,2022-08-30 08:51:26,4,2.42,28.61
2,2021-11-25 10:14:24,2021-11-25 11:07:24,5,2.47,59.84
1,2019-10-12 12:44:42,2019-10-12 13:04:42,1,4.53,17.66
2,2019-11-05 15:14:39,2019-11-05 15:32:39,5,14.4,27.48
2,2021-01-16 00:09:43,2021-01-16 00:29:43,2,11.55,25.47
1,2021-06-08 10:58:02,2021-06-08 11:35:02,5,9.31,11.66
2,2021-01-24 19:16:19,2021-01-24 20:09:19,5,11.64,45.78
1,2022-02-24 04:12:40,2022-02-24 05:04:40,6,6.97,34.76
2,2019-11-07 14:17:08,2019-11-07 14:32:08,1,1.61,12.13
1,2022-04-28 21:51:04,2022-04-28 22:15:04,5,1.69,52.78
1,2021-08-24 23:44:35,2021-08-25 00:07:35,3,8.2,9.06
1,2022-11-27 08:48:34,2022-11-27 09:07:34,3,4.69,36.8
2,2023-02-22 03:31:13,2023-02-22 04:13:13,6,2.27,23.66
2,2020-04-29 19:52:34,2020-04-29 20:42:34,3,5.64,52.96
1,2021-01-07 04:14:00,2021-01-07 04:45:00,2,14.02,20.91
1,2019-05-02 08:42:40,2019-05-02 09:39:40,2,14.83,20.23
2,2022-03-15 14:41:19,2022-03-15 15:05:19,2,4.04,26.0
1,2020-05-04 08:49:18,2020-05-04 09:22:18,3,12.31,24.99
2,2021-06-16 01:46:12,2021-06-16 01:59:12,2,13.15,10.53
2,2023-03-06 23:23:28,2023-03-06 23:45:28,4,7.32,38.56
1,2019-07-28 09:05:17,2019-07-28 10:04:17,2,10.92,20.56
2,2020-03-25 04:39:00,2020-03-25 05:00:00,1,3.76,36.2
2,2020-05-24 20:04:16,2020-05-24 20:35:16,3,7.43,49.57
1,2022-01-09 15:50:13,2022-01-09 16:07:13,6,0.63,21.65
2,2021-03-02 03:04:29,2021-03-02 04:02:29,4,10.88,42.34
2,2020-12-03 00:52:34,2020-12-03 01:22:34,5,5.38,32.1
1,2021-08-13 06:25:32,2021-08-13 06:43:32,4,7.44,23.08
2,2021-09-12 08:18:28,2021-09-12 08:59:28,2,6.47,28.7
1,2019-12-01 22:14:14,2019-12-01 22:37:14,6,8.25,42.3
2,2020-09-09 09:36:22,2020-09-09 10:33:22,2,5.63,48.02
2,2020-12-06 23:48:32,2020-12-06 23:53:32,4,6.84,18.22
1,2019-07-25 03:47:23,2019-07-25 04:26:23,5,10.54,22.82
2,2022-10-24 19:28:21,2022-10-24 20:13:21,5,13.26,53.41
1,2020-07-29 12:11:26,2020-07-29 12:48:26,6,12.18,47.4
2,2022-10-13 18:37:58,2022-10-13 19:23:58,5,12.15,42.19
2,2023-04-06 23:42:59,2023-04-07 00:01:59,6,9.68,25.58
1,2021-01-03 13:14:42,2021-01-03 13:30:42,1,10.72,54.87
2,2020-10-20 19:17:48,2020-10-20 20:08:48,5,13.49,7.87
2,2019-09-13 05:43:43,2019-09-13 05:56:43,4,4.25,35.12
1,2021-05-27 18:35:48,2021-05-27 19:25:48,5,9.94,33.83
2,2021-01-01 17:06:31,2021-01-01 17:22:31,3,5.18,36.2
2,2021-05-05 01:44:13,2021-05-05 02:25:13,5,14.54,50.26
2,2020-10-03 02:39:14,2020-10-03 02:52:14,1,10.55,44.27
2,2020-08-20 12:18:50,2020-08-20 12:54:50,1,13.1,41.01
1,2023-02-10 10:38:54,2023-02-10 11:34:54,3,5.17,34.51
2,2020-02-06 03:59:33,2020-02-06 04:17:33,3,8.83,35.06
2,2019-06-22 10:55:45,2019-06-22 11:08:45,2,1.64,26.39
1,2023-09-15 05:53:39,2023-09-15 06:16:39,2,13.55,50.3
2,2022-09-14 18:21:55,2022-09-14 18:43:55,2,12.22,34.12
1,2022-06-29 16:53:42,2022-06-29 17:15:42,5,7.74,5.16
1,2019-02-06 03:21:34,2019-02-06 04:11:34,1,13.97,54.3
2,2023-05-15 21:39:29,2023-05-15 22:04:29,1,13.36,40.65
1,2020-09-23 20:53:07,2020-09-23 21:46:07,3,5.42,36.34
1,2022-03-10 21:02:28,2022-03-10 21:32:28,6,3.9,34.02
2,2021-01-14 05:25:45,2021-01-14 05:54:45,4,5.86,44.13
1,2022-10-06 11:52:26,2022-10-06 12:47:26,5,10.65,20.96
2,2020-08-05 11:43:57,2020-08-05 12:03:57,5,1.24,8.42
1,2020-05-29 06:35:03,2020-05-29 07:25:03,2,4.37,19.18
2,2019-05-19 17:53:36,2019-05-19 18:27:36,1,13.42,32.32
2,2022-08-14 08:25:14,2022-08-14 09:25:14,3,7.55,36.76
1,2023-07-26 10:23:38,2023-07-26 10:57:38,4,1.23,26.95
1,2019-04-20 23:45:59,2019-04-20 23:52:59,3,6.69,18.13
1,2019-06-20 05:34:08,2019-06-20 06:29:08,4,5.05,32.55
2,2020-12-17 22:34:37,2020-12-17 22:43:37,4,3.35,37.87
1,2023-12-30 01:19:42,2023-12-30 01:44:42,4,0.74,13.27
2,2022-07-29 05:23:15,2022-07-29 05:34:15,3,9.5,44.24
2,2022-10-26 08:04:16,2022-10-26 09:01:16,3,3.98,16.69
2,2019-06-16 19:23:34,2019-06-16 19:28:34,2,1.98,35.74
2,2021-03-01 10:29:14,2021-03-01 11:00:14,4,4.48,11.7
2,2020-11-30 17:34:34,2020-11-30 17:57:34,3,13.26,39.65
1,2021-07-16 04:23:54,2021-07-16 05:15:54,5,8.49,33.12
1,2022-04-12 15:34:00,2022-04-12 15:43:00,5,12.11,7.97
2,2021-04-08 00:42:50,2021-04-08 01:34:50,2,9.9,41.68
1,2020-01-02 01:25:29,2020-01-02 01:47:29,5,12.77,12.59
1,2019-01-21 00:10:41,2019-01-21 00:31:41,2,11.54,39.84
1,2021-07-29 15:16:16,2021-07-29 16:07:16,6,11.11,59.35
1,2019-02-08 17:53:47,2019-02-08 18:44:47,6,1.17,50.62
1,2022-10-02 22:41:17,2022-10-02 23:14:17,2,8.37,36.84
2,2020-08-19 15:08:49,2020-08-19 15:30:49,6,4.96,53.23
2,2020-06-20 22:29:56,2020-06-20 22:38:56,2,8.53,38.79
1,2023-05-30 19:06:06,2023-05-30 19:52:06,2,2.54,37.49
1,2023-04-21 18:36:57,2023-04-21 18:57:57,4,10.99,52.3
2,2023-10-15 02:27:37,2023-10-15 03:18:37,2,3.15,28.81
1,2019-12-18 11:08:23,2019-12-18 11:58:23,6,4.15,52.04
1,2019-06-02 19:55:34,2019-06-02 20:09:34,4,0.7,45.66
2,2023-12-24 02:55:34,2023-12-24 03:40:34,3,6.09,25.38
1,2022-11-13 08:09:53,2022-11-13 09:05:53,4,8.19,27.64
2,2022-09-21 01:57:50,2022-09-21 02:10:50,2,2.8,50.49
2,2022-12-15 13:21:58,2022-12-15 14:20:58,2,3.62,26.71
1,2021-05-22 22:06:45,2021-05-22 22:58:45,1,8.43,51.87
1,2019-03-02 07:18:33,2019-03-02 08:03:33,2,1.85,16.63
2,2023-04-30 12:22:58,2023-04-30 12:35:58,3,2.88,31.38
2,2019-12-31 12:06:40,2019-12-31 12:27:40,6,1.69,17.23
1,2023-08-15 14:05:02,2023-08-15 14:30:02,3,2.68,27.4
2,2023-01-12 04:34:12,2023-01-12 05:08:12,4,8.56,45.49
2,2020-01-05 11:32:16,2020-01-05 11:38:16,3,7.66,54.74
2,2020-11-12 10:54:12,2020-11-12 11:05:12,1,11.43,31.89
1,2019-10-22 19:53:29,2019-10-22 20:22:29,6,8.18,30.17
2,2019-01-10 22:31:43,2019-01-10 22:43:43,6,13.27,28.73
1,2020-09-30 13:02:55,2020-09-30 13:40:55,5,4.09,55.04
2,2020-10-15 01:58:05,2020-10-15 02:57:05,1,7.8,14.24
1,2022-10-16 21:42:45,2022-10-16 22:40:45,1,5.55,46.07
1,2023-01-01 14:42:44,2023-01-01 14:58:44,1,5.41,42.65
1,2019-12-14 01:17:12,2019-12-14 02:01:12,2,3.46,46.56
2,2022-04-15 19:55:15,2022-04-15 20:18:15,6,13.11,20.15
1,2019-01-05 14:37:49,2019-01-05 15:31:49,2,13.08,44.72
1,2020-08-26 02:15:09,2020-08-26 03:15:09,2,13.47,43.07
1,2021-04-29 19:53:21,2021-04-29 20:48:21,2,9.42,57.69
2,2019-04-25 06:25:32,2019-04-25 07:05:32,1,4.76,24.12
1,2020-06-18 20:59:08,2020-06-18 21:26:08,5,1.16,44.2
1,2019-12-19 05:12:46,2019-12-19 05:56:46,4,10.78,57.4
1,2022-07-21 16:05:10,2022-07-21 16:23:10,2,14.49,46.86
2,2020-10-01 14:51:22,2020-10-01 15:13:22,1,9.99,27.55
2,2020-04-22 14:58:05,2020-04-22 15:45:05,1,10.68,58.54
1,2020-04-02 23:10:37,2020-04-02 23:46:37,6,10.89,40.04
2,2019-04-25 21:28:08,2019-04-25 22:21:08,6,11.81,44.56
2,2021-09-09 08:43:12,2021-09-09 09:39:12,3,3.13,5.78
2,2020-01-30 16:21:17,2020-01-30 16:58:17,5,3.99,9.36
2,2023-02-21 13:33:38,2023-02-21 13:41:38,5,12.78,56.1
2,2019-09-07 05:00:21,2019-09-07 05:59:21,5,10.29,5.25
2,2020-10-25 09:23:50,2020-10-25 10:07:50,4,6.56,22.61
2,2021-04-10 13:04:50,2021-04-10 14:01:50,5,10.62,34.49
1,2019-01-05 07:51:33,2019-01-05 08:19:33,6,4.88,36.7
2,2019-01-31 22:42:12,2019-01-31 23:24:12,4,4.18,14.82
2,2020-08-27 04:26:58,2020-08-27 05:10:58,1,2.47,31.87
1,2022-09-20 07:55:07,2022-09-20 08:15:07,4,4.64,38.53
2,2021-05-20 10:18:06,2021-05-20 10:30:06,3,11.44,20.76
2,2022-09-25 03:58:50,2022-09-25 04:11:50,6,12.42,22.6
2,2020-07-18 08:36:35,2020-07-18 08:49:35,1,7.89,55.26
2,2023-03-01 20:21:17,2023-03-01 21:01:17,4,8.2,23.1
1,2019-08-04 07:30:17,2019-08-04 08:04:17,5,2.36,10.51
2,2022-10-12 02:29:17,2022-10-12 03:12:17,1,5.71,55.1
2,2022-08-16 12:36:17,2022-08-16 13:11:17,4,6.44,7.11
1,2020-10-01 22:42:46,2020-10-01 22:50:46,3,13.42,6.53
1,2023-07-29 20:13:01,2023-07-29 21:05:01,5,4.77,24.1
1,2022-04-21 20:31:41,2022-04-21 21:04:41,1,9.78,36.64
2,2021-09-18 09:44:03,2021-09-18 10:09:03,4,0.61,16.1
1,2021-02-01 10:03:23,2021-02-01 10:18:23,4,9.91,25.65
1,2020-09-24 04:59:25,2020-09-24 05:16:25,6,5.63,25.01
1,2023-06-09 17:55:50,2023-06-09 18:14:50,1,14.99,15.99
1,2020-03-30 08:19:23,2020-03-30 08:36:23,2,12.79,52.49
1,2021-06-27 19:55:54,2021-06-27 20:21:54,6,6.53,29.84
1,2019-12-23 00:54:25,2019-12-23 01:15:25,2,9.14,21.6
2,2023-07-18 19:55:10,2023-07-18 20:00:10,6,13.81,55.48
2,2020-10-08 02:36:48,2020-10-08 03:32:48,2,12.99,51.84
2,2021-06-17 00:28:53,2021-06-17 01:14:53,6,5.52,29.28
1,2020-12-28 07:41:28,2020-12-28 08:35:28,3,10.52,56.67
2,2021-02-17 17:46:37,2021-02-17 18:05:37,1,4.99,17.0
1,2020-12-06 19:10:58,2020-12-06 19:35:58,2,6.3,26.13
2,2020-05-11 13:39:14,2020-05-11 13:47:14,4,6.3,55.34
1,2020-04-29 22:48:04,2020-04-29 23:06:04,1,2.63,43.2
2,2020-05-22 07:04:06,2020-05-22 07:28:06,3,3.53,36.57
1,2021-08-20 06:29:02,2021-08-20 06:48:02,1,0.71,42.34
2,2022-02-08 02:53:02,2022-02-08 03:30:02,1,9.76,57.18
2,2021-07-11 20:47:35,2021-07-11 21:28:35,3,6.33,17.21
1,2023-03-09 08:21:03,2023-03-09 08:51:03,6,3.68,58.77
2,2023-02-04 13:00:56,2023-02-04 13:55:56,5,7.49,10.92
2,2020-01-14 17:55:26,2020-01-14 18:09:26,2,2.52,29.35
2,2022-12-23 23:17:09,2022-12-23 23:39:09,1,8.28,24.14
1,2020-03-23 22:14:44,2020-03-23 22:26:44,6,6.64,36.1
1,2023-11-06 23:47:32,2023-11-07 00:27:32,2,10.74,53.75
2,2021-10-11 03:09:20,2021-10-11 04:09:20,6,9.07,15.55
2,2020-05-09 10:11:59,2020-05-09 10:31:59,4,8.17,29.9
2,2021-08-23 01:35:09,2021-08-23 01:42:09,2,12.5,42.19
1,2022-04-16 03:25:10,2022-04-16 03:35:10,4,1.85,46.17
1,2023-02-07 03:42:16,2023-02-07 04:17:16,3,1.75,19.7
2,2020-11-02 06:07:46,2020-11-02 06:19:46,1,11.51,16.17
2,2022-08-02 03:09:32,2022-08-02 04:03:32,2,6.18,5.42
2,2022-12-23 08:49:33,2022-12-23 09:18:33,6,11.19,51.85
2,2021-04-17 05:04:06,2021-04-17 05:11:06,1,3.22,45.32
2,2023-02-21 01:18:49,2023-02-21 01:57:49,3,1.27,52.38
1,2021-07-23 21:34:57,2021-07-23 22:34:57,1,11.48,14.65
2,2021-09-10 08:39:43,2021-09-10 09:09:43,5,2.18,26.99
2,2021-12-14 11:57:23,2021-12-14 12:33:23,3,3.35,19.15
2,2022-04-29 14:13:49,2022-04-29 15:06:49,4,8.25,28.72
2,2019-02-24 20:19:24,2019-02-24 20:35:24,1,3.49,51.45
1,2023-05-10 01:52:08,2023-05-10 02:43:08,6,4.82,33.35
2,2023-11-28 08:17:10,2023-11-28 09:05:10,1,0.61,32.45
1,2020-11-20 06:32:36,2020-11-20 06:54:36,5,11.96,14.56
2,2021-10-15 23:19:40,2021-10-16 00:08:40,4,13.93,42.63
1,2020-08-24 20:30:11,2020-08-24 20:48:11,6,4.38,25.72
1,2019-02-09 21:51:55,2019-02-09 22:45:55,5,10.84,40.42
1,2020-10-08 08:23:39,2020-10-08 09:16:39,2,10.08,10.71
1,2020-05-25 04:24:47,2020-05-25 04:34:47,1,12.51,21.41
2,2020-12-26 04:54:14,2020-12-26 05:22:14,5,9.23,18.67
1,2022-10-23 01:25:47,2022-10-23 02:01:47,3,11.31,5.97
2,2023-11-13 01:41:47,2023-11-13 02:05:47,6,9.73,18.19
1,2021-08-21 08:57:37,2021-08-21 09:21:37,6,3.71,33.86
2,2019-10-23 12:43:45,2019-10-23 13:11:45,3,1.45,46.24
2,2021-01-10 06:27:21,2021-01-10 07:17:21,4,2.87,55.33
1,2022-07-02 14:36:59,2022-07-02 15:05:59,2,12.71,7.42
2,2021-04-27 08:00:09,2021-04-27 08:52:09,5,1.0,13.3
1,2022-06-15 13:08:43,2022-06-15 13:22:43,5,1.34,14.73
2,2022-10-03 16:47:29,2022-10-03 17:38:29,6,4.9,49.79
1,2021-01-19 03:48:46,2021-01-19 04:12:46,5,13.67,43.02
1,2023-08-12 20:51:11,2023-08-12 21:49:11,2,6.1,35.94
1,2019-11-24 10:10:47,2019-11-24 10:22:47,1,12.01,43.62
1,2023-02-17 05:02:03,2023-02-17 05:31:03,6,14.63,48.72
1,2023-11-20 12:45:07,2023-11-20 13:20:07,2,4.57,7.07
1,2019-08-25 05:21:53,2019-08-25 05:50:53,2,12.75,25.41
2,2020-04-30 11:51:23,2020-04-30 12:09:23,3,3.17,34.68
1,2019-05-14 02:28:21,2019-05-14 02:33:21,6,3.92,38.17
2,2019-03-10 16:06:00,2019-03-10 16:56:00,5,12.74,44.29
1,2020-08-10 09:26:21,2020-08-10 09:57:21,6,14.8,14.24
2,2021-10-24 16:21:05,2021-10-24 17:06:05,5,8.07,51.34
2,2020-04-29 02:00:49,2020-04-29 02:29:49,1,8.35,37.13
2,2021-06-30 15:55:26,2021-06-30 16:14:26,3,2.53,12.37
1,2020-05-16 12:39:09,2020-05-16 13:38:09,3,13.99,41.88
1,2019-12-03 16:22:47,2019-12-03 16:29:47,2,9.68,43.08
1,2020-11-08 02:28:36,2020-11-08 03:09:36,4,9.75,14.66
2,2020-04-19 06:18:38,2020-04-19 06:31:38,3,2.07,41.06
2,2022-11-17 13:15:11,2022-11-17 14:15:11,6,6.75,56.11
1,2021-08-13 23:12:24,2021-08-13 23:32:24,1,1.81,7.74
1,2023-08-02 03:08:37,2023-08-02 03:38:37,3,4.91,56.04
1,2023-05-09 05:21:59,2023-05-09 05:57:59,4,8.33,22.25
2,2022-06-25 16:38:54,2022-06-25 17:24:54,5,14.24,25.17
2,2023-06-27 14:39:56,2023-06-27 15:06:56,4,2.98,36.63
2,2020-01-21 11:47:54,2020-01-21 12:12:54,5,1.35,23.37
2,2023-10-31 10:19:31,2023-10-31 11:03:31,1,12.8,12.48
1,2022-03-01 16:32:46,2022-03-01 16:54:46,6,3.52,56.5
1,2022-01-18 07:38:54,2022-01-18 07:59:54,1,1.42,14.3
1,2021-03-19 17:53:46,2021-03-19 18:27:46,4,12.35,34.88
1,2022-12-03 22:14:33,2022-12-03 23:12:33,3,5.53,23.45
2,2021-12-28 06:25:00,2021-12-28 06:52:00,6,1.08,8.82
1,2019-02-19 14:39:52,2019-02-19 15:27:52,3,7.86,11.45
2,2022-08-07 04:10:58,2022-08-07 05:02:58,5,5.4,24.97
2,2022-03-28 02:27:54,2022-03-28 03:00:54,1,8.37,56.86
1,2022-04-10 02:18:38,2022-04-10 02:45:38,6,12.22,31.5
1,2021-03-10 17:02:02,2021-03-10 17:14:02,5,1.83,5.01
1,2021-11-03 01:53:42,2021-11-03 02:45:42,3,13.65,19.86
1,2020-03-20 00:48:07,2020-03-20 01:33:07,5,8.51,17.46
1,2019-08-16 06:03:05,2019-08-16 06:28:05,2,1.82,44.62
1,2021-05-02 17:52:35,2021-05-02 18:28:35,2,4.15,46.95
1,2023-02-24 02:12:28,2023-02-24 02:23:28,3,13.67,16.56
2,2020-03-18 04:22:40,2020-03-18 04:44:40,1,7.19,31.56
1,2021-01-05 02:25:50,2021-01-05 03:18:50,3,10.42,54.81
